Time,URL,params,IP Address,Country,Region,City,ISP,Mobile
2024-02-27 14:51:39,https://eschoolapp.in/sample-reports/?crmid=82618,crmid=82618,157.34.136.32,India,Maharashtra,Navi Mumbai,Reliance Jio Infocomm Limited,Yes
2024-02-27 11:08:15,https://eschoolapp.in/sample-reports/?crmid=82802,crmid=82802,106.205.158.72,India,Rajasthan,Jaipur,Bharti Airtel,Yes
2024-02-27 10:35:57,https://eschoolapp.in/sample-reports/?crmid=82306,crmid=82306,66.249.71.96,United States,California,Mountain View,Google LLC,No
2024-02-27 10:35:53,https://eschoolapp.in/sample-reports/?crmid=82828,crmid=82828,66.249.71.96,United States,California,Mountain View,Google LLC,No
2024-02-27 10:35:50,https://eschoolapp.in/sample-reports/?crmid=81670,crmid=81670,66.249.69.172,United States,California,Mountain View,Google LLC,No
2024-02-27 10:35:45,https://eschoolapp.in/sample-reports/?crmid=68148,crmid=68148,66.249.71.96,United States,California,Mountain View,Google LLC,No
2024-02-27 10:35:37,https://eschoolapp.in/sample-reports/?crmid=82600,crmid=82600,66.249.71.96,United States,California,Mountain View,Google LLC,No
2024-02-27 10:35:33,https://eschoolapp.in/sample-reports/?crmid=82516,crmid=82516,66.249.71.96,United States,California,Mountain View,Google LLC,No
2024-02-27 10:35:29,https://eschoolapp.in/sample-reports/?crmid=82795,crmid=82795,66.249.69.172,United States,California,Mountain View,Google LLC,No
2024-02-27 10:35:27,https://eschoolapp.in/sample-reports/?crmid=7632,crmid=7632,66.249.69.174,United States,California,Mountain View,Google LLC,No
2024-02-26 20:06:26,https://eschoolapp.in/sample-reports/?crmid=69493,crmid=69493,1.39.197.105,India,Rajasthan,Ajmer,Vodafone Essar Limited-Value Added Services,Yes
2024-02-26 20:06:23,https://eschoolapp.in/sample-reports/?crmid=69493,crmid=69493,1.39.197.105,India,Rajasthan,Ajmer,Vodafone Essar Limited-Value Added Services,Yes
2024-02-26 15:43:19,https://eschoolapp.in/sample-reports/?crmid=66225,crmid=66225,103.95.83.202,India,Haryana,Gurugram,Evedin Technologies,No
2024-02-26 15:19:01,https://eschoolapp.in/sample-reports/?crmid=65151,crmid=65151,103.148.206.46,India,Telangana,Hyderabad,Willaegis Online Private Limited,No
2024-02-26 15:17:17,https://eschoolapp.in/sample-reports/?crmid=66225,crmid=66225,103.95.83.202,India,Haryana,Gurugram,Evedin Technologies,No
2024-02-26 14:09:32,https://eschoolapp.in/sample-reports/?crmid=401,crmid=401,61.0.102.147,India,Uttarakhand,Nainital,BSNL Internet,No
2024-02-25 18:49:21,https://eschoolapp.in/sample-reports/?crmid=67674,crmid=67674,152.59.26.65,India,Madhya Pradesh,Indore,RELIANCEJIO,Yes
2024-02-24 11:36:23,https://eschoolapp.in/sample-reports/?crmid=10450,crmid=10450,103.175.172.21,India,Rajasthan,Nokha,Radinet Info Solutions Private Limited,No
2024-02-24 11:36:21,https://eschoolapp.in/sample-reports/?crmid=10450,crmid=10450,103.175.172.21,India,Rajasthan,Nokha,Radinet Info Solutions Private Limited,No
2024-02-24 11:20:28,https://eschoolapp.in/sample-reports/?crmid=422,crmid=422,59.184.30.206,India,Maharashtra,Shirpur,Mahanagar Telephone Nigam Limited,No
2024-02-24 11:20:25,https://eschoolapp.in/sample-reports/?crmid=422,crmid=422,59.184.30.206,India,Maharashtra,Shirpur,Mahanagar Telephone Nigam Limited,No
2024-02-23 16:01:36,https://eschoolapp.in/sample-reports/?crmid=67674,crmid=67674,152.58.24.51,India,Madhya Pradesh,Indore,Reliance Jio Infocomm Limited,Yes
2024-02-23 16:00:16,https://eschoolapp.in/sample-reports/?crmid=67674,crmid=67674,152.58.25.255,India,Madhya Pradesh,Indore,Reliance Jio Infocomm Limited,Yes
2024-02-23 15:59:30,https://eschoolapp.in/sample-reports/?crmid=67674,crmid=67674,152.58.25.255,India,Madhya Pradesh,Indore,Reliance Jio Infocomm Limited,Yes
2024-02-23 15:50:54,https://eschoolapp.in/sample-reports/?crmid=67674,crmid=67674,152.58.59.171,India,Madhya Pradesh,Indore,RELIANCEJIO,Yes
2024-02-22 13:10:12,https://eschoolapp.in/sample-reports/?crmid=82467,crmid=82467,117.198.94.86,India,Madhya Pradesh,Singrauli,BSNL Internet,No
2024-02-21 18:25:39,https://eschoolapp.in/sample-reports/?crmid=82306,crmid=82306,66.249.74.130,United States,California,Mountain View,Google LLC,No
2024-02-21 18:25:35,https://eschoolapp.in/sample-reports/?crmid=82516,crmid=82516,66.249.74.130,United States,California,Mountain View,Google LLC,No
2024-02-21 18:25:31,https://eschoolapp.in/sample-reports/?crmid=7632,crmid=7632,66.249.71.97,United States,California,Mountain View,Google LLC,No
2024-02-21 18:25:04,https://eschoolapp.in/sample-reports/?crmid=81670,crmid=81670,66.249.74.131,United States,California,Mountain View,Google LLC,No
2024-02-21 18:24:59,https://eschoolapp.in/sample-reports/?crmid=82828,crmid=82828,66.249.71.96,United States,California,Mountain View,Google LLC,No
2024-02-21 18:24:25,https://eschoolapp.in/sample-reports/?crmid=82795,crmid=82795,66.249.74.131,United States,California,Mountain View,Google LLC,No
2024-02-21 18:24:20,https://eschoolapp.in/sample-reports/?crmid=68148,crmid=68148,66.249.74.130,United States,California,Mountain View,Google LLC,No
2024-02-21 18:24:18,https://eschoolapp.in/sample-reports/?crmid=82600,crmid=82600,66.249.71.97,United States,California,Mountain View,Google LLC,No
2024-02-21 18:23:48,https://eschoolapp.in/sample-reports/?crmid=82306,crmid=82306,49.43.3.91,India,Madhya Pradesh,Indore,Reliance Jio Infocomm Limited,Yes
2024-02-21 18:23:31,https://eschoolapp.in/sample-reports/?crmid=82795,crmid=82795,49.43.3.91,India,Madhya Pradesh,Indore,Reliance Jio Infocomm Limited,Yes
2024-02-21 17:16:53,https://eschoolapp.in/sample-reports/?crmid=67166,crmid=67166,152.58.163.209,India,West Bengal,Kolkata,RELIANCEJIO,Yes
2024-02-21 16:01:54,https://eschoolapp.in/sample-reports/?crmid=82795,crmid=82795,59.99.147.199,India,Uttar Pradesh,Lucknow,BSNL Internet,No
2024-02-21 11:36:59,https://eschoolapp.in/sample-reports/?crmid=82306,crmid=82306,152.58.24.229,India,Madhya Pradesh,Indore,Reliance Jio Infocomm Limited,Yes
2024-02-20 13:27:26,https://eschoolapp.in/sample-reports/?crmid=81670,crmid=81670,152.59.198.59,India,Telangana,Hyderabad,RELIANCEJIO,Yes
2024-02-20 13:27:24,https://eschoolapp.in/sample-reports/?crmid=81670,crmid=81670,152.59.198.59,India,Telangana,Hyderabad,RELIANCEJIO,Yes
2024-02-20 11:44:12,https://eschoolapp.in/sample-reports/?crmid=68148,crmid=68148,45.112.50.66,India,Telangana,Hyderabad,Vision infotel India Private ltd,No
2024-02-20 11:23:02,https://eschoolapp.in/sample-reports/?crmid=82943,crmid=82943,157.34.154.251,India,Maharashtra,Navi Mumbai,Reliance Jio Infocomm Limited,Yes
2024-02-17 16:43:07,https://eschoolapp.in/sample-reports/?crmid=82516,crmid=82516,27.5.46.189,India,Madhya Pradesh,Indore,Hathway IP over Cable Internet Access,No
2024-02-17 13:12:44,https://eschoolapp.in/sample-reports/?crmid=82892,crmid=82892,152.58.26.27,India,Maharashtra,Navi Mumbai,RELIANCEJIO,Yes
2024-02-16 17:33:31,https://eschoolapp.in/sample-reports/?crmid=82828,crmid=82828,49.15.163.51,India,Madhya Pradesh,Indore,Idea Cellular Ltd,Yes
2024-02-16 14:33:37,https://eschoolapp.in/sample-reports/?crmid=82945,crmid=82945,45.250.171.176,India,Rajasthan,AnÅ«pgarh,Priya Agency,No
2024-02-16 13:10:46,https://eschoolapp.in/sample-reports/?crmid=82828,crmid=82828,27.97.64.106,India,Madhya Pradesh,Indore,Idea Cellular Ltd,Yes
2024-02-15 12:32:21,https://eschoolapp.in/sample-reports/?crmid=7632,crmid=7632,106.207.214.153,India,Madhya Pradesh,Indore,Bharti Airtel Limited,Yes
2024-02-15 11:49:13,https://eschoolapp.in/sample-reports/?crmid=82600,crmid=82600,49.36.24.139,India,Madhya Pradesh,Bhopal,Reliance Jio Infocomm Limited,Yes
