CRM ID ,Hot Lead School Name,Address Approved f,Address,Current Mobile No. ,Mobile,State,Start Date,End Date,Follow Date,Comment,Status,Tags,User,Marketing Date,Account Manager,Support Manager,matched_with,Start_Follow_Date_Difference,Start_End_Date_Difference,Unique Tags,Unique Status
7647,ILVA HIGHER SECONDARY SCHOOL-PROF H K JAIN,TRUE,"31, Sapna Sangeeta Road, Behind Lotus, Sneh Nager, Navlakha, Indore, Madhya Pradesh 452001 Phone: 0731 246 0990",910731 460990,"910731-460990,364709",MADHYA PRADESH,4/1/2016,1/1/2017,,We were trying to take followup for the parcel.,Important,"cbseData,Hot Lead,ESCH23,JUN23_IMP,JUN23",iqbal,########,iqbal,,0,,275,"['cbseData', 'Hot Lead', 'ESCH23', 'JUN23_IMP', 'JUN23']",['Important']
10366,EVERGREEN PUBLIC SCHOOL-MS SANGEETA BABEL,TRUE,"Neelkanth Mahadev Colony, Shastri Nagar, Bhilwara, Rajasthan 311001","98290 45569,  9511502044",919829000000,RAJASTHAN,4/1/2016,1/1/2017,,she is not interested she said after intro that we don't require any software.,Not Interested,"cbseData,website,Hot Lead,JUN23_IMP,JUN23",shivangi,########,,,0,,275,"['cbseData', 'website', 'Hot Lead', 'JUN23_IMP', 'JUN23']",['Not Interested']
12657,THE KHAITAN SCHOOL-MRS DAVINDER KAUR,TRUE,"Block F, 1A/A, F Block, Sector 40, Noida, Uttar Pradesh 201303",9810521180,"910120-4007575,4007555,24577093",uttar pradesh,4/1/2016,1/1/2017,########,call not answer,No Response,"1800,cbseData,Hot Lead,JUN23_IMP,JUN23",shivangi,########,shivika,,0,2551,275,"['1800', 'cbseData', 'Hot Lead', 'JUN23_IMP', 'JUN23']",['No Response']
64995,MGM School -Bokaro,TRUE,"M5P6+5H5, Sector 4-F, near Central Bank of India, Sector 4-F, Sector 4, Bokaro Steel City, Jharkhand 827004","94705 91856, 9470591858, 9470970651",919471000000,eSchool,########,1/1/2017,3/1/2024,Talk to him he says call me in the next session,,"Raipur Con,Hot Lead,JUN23_IMP,JUN23",rohit,########,,,0,2682,66,"['Raipur Con', 'Hot Lead', 'JUN23_IMP', 'JUN23']",[]
65312,Annpurna Bal Vinay Mandir High School: Sagar pandya,TRUE,"393, Kulkarni Ka Bhatta, Kalyanmill Naka, Pardesipura, Indore - 452003, Near MP Government School","98266 66484, 99772 86607",919827000000,MADHYA PRADESH,7/3/2017,7/3/2017,,No Response,"Call Later,Updated,No Response","Hot Lead,website,JUN23_IMP,JUN23",shivika,########,shivika,,0,,0,"['Hot Lead', 'website', 'JUN23_IMP', 'JUN23']","['Call Later', 'Updated', 'No Response']"
65433,kids fountain play school- sanjay,TRUE,"Purvanchal  Royal City, Plot No. GH-05 Sector CHI-V, Greater Noida",9311771107,919314000000,DELHI,########,########,,Not getting any response from customer's end. So marking him not interested. If any call recvd from customer's end then take it in followup,"Call Later,e-Demo,Important,No Response,Not Interested","Hot Lead,website,JUN23_IMP,JUN23",shivika,########,shivika,,65433,,0,"['Hot Lead', 'website', 'JUN23_IMP', 'JUN23']","['Call Later', 'e-Demo', 'Important', 'No Response', 'Not Interested']"
65653,"Lotus Valley School, Ajmer - Mr.Ajay Singh Rajput",TRUE,"M.S Rawat Colony, Chamunda Chauraha, Foy Sagar Rd, Ajmer, Rajasthan 305005","94137 02432, 7014564495, ",917015000000,RAJASTHAN,########,########,,Since long he is not responding to the calls. Marking it not interested.,Not Interested,"1800,Hot Lead,JUN23_IMP,JUN23",sakina,########,sakina,,0,,0,"['1800', 'Hot Lead', 'JUN23_IMP', 'JUN23']",['Not Interested']
65893,Rajwanshi Sr. Sec. School/Suresh Kumar,TRUE,"Narnaul Ho, Narnaul - 123001 (Vpo Dohcana, Dist M/Garh, Haryana ",97290 14990,919417000000,HARYANA,########,########,,9729014990 called on this no ask if they use the software she said no then ask if they require and she cut the call seems not interested,Not Interested,"Ads - FB,Hot Lead",shivangi,########,shivangi,,0,,0,"['Ads - FB', 'Hot Lead']",['Not Interested']
65914,RAJA Sahib Public Sr. Sec. School Jhingran/Principal Tarjiwan Singh Garcha,TRUE," Raja Sahib Sen. Sec, School VPO Jhingran Distt SBS Nagar, Punjab 4X6J+PM4, Pin coce :- 144507","81465 40969, Balvir singh 8847593896, 	94176-72639",918147000000,PUNJAB,########,########,,"looks like he isn't responding to my calls, marking it not interested.",Not Interested,"Ads - FB,Hot Lead",sakina,########,sakina,,0,,0,"['Ads - FB', 'Hot Lead']",['Not Interested']
66009,Anantha Sai Vidya Nikethan-Srikanth,TRUE,"Sukh Vihar, Bagh Amberpet, Amberpet, Hyderabad, Telangana 500013","91777 73945, 98498 01147",919178000000,TELANGANA,########,########,5/1/2020,He said call me another day. I am on Important call.,e-Demo,"Ads - Email,Hot Lead,JUN23_IMP,JUN23",bhawna,########,,,0,829,0,"['Ads - Email', 'Hot Lead', 'JUN23_IMP', 'JUN23']",['e-Demo']
66203,Shree Swaminarayan High School-Ankit Choksi,TRUE,"Swaminarayan Mandir Compound, Daxini Railway Crossing, Maninagar, Ahmedabad - 380008",94280 17305,919428000000,GUJARAT,########,########,,Not Interested,"Not Interested,e-Demo","softwaresuggest,Hot Lead,JUN23_IMP,JUN23",sakina,########,,,0,,0,"['softwaresuggest', 'Hot Lead', 'JUN23_IMP', 'JUN23']","['Not Interested', 'e-Demo']"
66301,Saraswati Vidya Mandir School,TRUE,"Hansi Road, Jind HO, Jind - 126102 (Near Industrial Area)",94161 68131,919416000000,HARYANA,6/4/2018,6/4/2018,,"Call back received, said we are already using software. So, marking him not interested",Not Interested,"Ads - FB,Hot Lead,Next Session",shivika,########,shivika,,0,,0,"['Ads - FB', 'Hot Lead', 'Next Session']",['Not Interested']
66327,Bahjoi Heritage public school-Sumit Kumar Varshney,TRUE,"Bahjoi Heritage Public School,Islamnagar Churaha (pincode: 244410),Ray Pur Kalan.Behjoi, Sambhal (Bhim Nagar), Uttar Pradesh",92599 99919,919260000000,uttar pradesh,6/5/2018,6/5/2018,,"since long not getting any response, so marking him not interested.",Not Interested,"Ads - FB,Hot Lead,softwaresuggest",sakina,########,sakina,,0,,0,"['Ads - FB', 'Hot Lead', 'softwaresuggest']",['Not Interested']
66331,Gurukul Academy-Ravindra Pandey,TRUE,"Indra Nagar, Garautha, Uttar Pradesh 284203",89014 61281,918577000000,uttar pradesh,6/5/2018,6/5/2018,########,called twice no response,,"softwaresuggest,Hot Lead,JUN23_IMP,JUN23",rohit,########,,,66331,1942,0,"['softwaresuggest', 'Hot Lead', 'JUN23_IMP', 'JUN23']",[]
66336,Shivalik Educational Academy-Kaushal Sharma,TRUE,"Deeg, Asaoti - Jataula Rd, near Railway Fatak, Asaoti, Haryana 121102",89014 61281,918901000000,uttar pradesh,6/5/2018,6/5/2018,,They left the school,,"Hot Lead,JUN23_IMP,JUN23",rohit,########,,,0,,0,"['Hot Lead', 'JUN23_IMP', 'JUN23']",[]
66351,Dhar Cambridge Academy-Vipin Kumar,TRUE,"Mandu Rd, in front of D R P LINE, D R P LINE, Dhar, Khankapuri, Madhya Pradesh 454001",83198 51251,918320000000,MADHYA PRADESH,6/7/2018,6/7/2018,########,Vipin sir said now our management don't think so will take but will share the number talk them for march maybe and he also said right now we don't have date in soft form.,Important,"Hot Lead,ESCH23,JUN23_IMP,JUN23",iqbal,########,iqbal,,0,2007,0,"['Hot Lead', 'ESCH23', 'JUN23_IMP', 'JUN23']",['Important']
66370,Arya Sanskar Valley-Pawan Kumar,TRUE,"Address: P39H+4QP, Nambrot, P.O. Dhalwan, Teh. Baldawara, Distt, Himachal Pradesh 175004",094598 48000,919883000000,HIMACHAL PRADESH,6/8/2018,6/8/2018,########,Lead came again on 20/02/2020 01:00:11 with email ID hpproject01@gmail.com And mobile no. 919882943560,,"Hot Lead,Ads - FB,JUN23_IMP,JUN23",shantanu,########,agoenka,,0,622,0,"['Hot Lead', 'Ads - FB', 'JUN23_IMP', 'JUN23']",[]
66398,Central India Academy-Rita Singh,TRUE,"X39Q+6P9, Bhopal - Indore Rd, Dewas, Madhya Pradesh 455001",73894 00609,917389000000,MADHYA PRADESH,########,########,########,7389400609 called to rita ma'am she said you call in November and come then we will talk about the software and app.,Important,"Hot Lead,ESCH23,JUN23_IMP,JUN23",iqbal,########,agoenka,,0,1955,0,"['Hot Lead', 'ESCH23', 'JUN23_IMP', 'JUN23']",['Important']
66436,Learning Trees School- Priyank Gokani,TRUE,"FF, Pebble Bay, BRTS, New CG Rd, Janta Nagar, ONGC Colony, Chandkheda, Ahmedabad, Gujarat 382424",98981 82884,919898000000,GUJARAT,########,########,,Talked to sir he said currently thier is no need as such I'll call you if needed,"Payment Received,Not Interested","Ads - FB,Hot Lead",ankita,########,ankita,,0,,0,"['Ads - FB', 'Hot Lead']","['Payment Received', 'Not Interested']"
66440,SS Public School- dharampal sir,TRUE,"JVWP+JJ9, Ramgarh, Panchkula, Haryana 134111",98967 90200,919897000000,HARYANA,7/2/2018,7/2/2018,,He is Using Offline Software and Happy with that.,Not Interested,"Hot Lead,JUN23_IMP,JUN23",bhawna,########,bhawna,,0,,0,"['Hot Lead', 'JUN23_IMP', 'JUN23']",['Not Interested']
66470,Aayurishi modern school,TRUE,"Address: Azampur Garhi, Mandi Shyam Nagar, Greater Noida, Uttar Pradesh 203202",73765 55888,917377000000,uttar pradesh,########,########,,"call to him, said I have lost my job i am not interested","e-Demo,Not Interested","chat,Hot Lead,website,JUN23_IMP,JUN23",shivika,########,shivika,,0,,0,"['chat', 'Hot Lead', 'website', 'JUN23_IMP', 'JUN23']","['e-Demo', 'Not Interested']"
66630,Speed well Edusports school-vikas gajanan,TRUE,"VM93+3R, Gadgadsangvi, Maharashtra 422403",99229 56929,919923000000,MAHARASHTRA,########,########,,since long he is not giving revert. Marking him not interested.,Not Interested,"chat,Hot Lead,JUN23_IMP,JUN23",sakina,########,sakina,,0,,0,"['chat', 'Hot Lead', 'JUN23_IMP', 'JUN23']",['Not Interested']
66710,PEARLS INTERNATIONAL SCHOOL-Satwinder Singh Kala,TRUE,"Hajipur Mukerian Road Ballowan Mukerian, Hoshiarpur, Punjab 144211",94632 92013,919463000000,eSchool,########,########,,always disconnect my call,,"Ads - FB,Hot Lead,JUN23_IMP,JUN23",ankita,########,ankita,,0,,0,"['Ads - FB', 'Hot Lead', 'JUN23_IMP', 'JUN23']",[]
66931,Jnana Bharathi Group of Institutions-M.ramesh Babu,TRUE,"Dodahatta Road, Kalyandurg, Andhra Pradesh 515761",94402 15655,919440000000,ANDHRA PRADESH,########,########,########,Talk to him he says I lost my son so call me next month,,"Ads - FB,chat,website,Hot Lead,JUN23_IMP,JUN23",rohit,########,sakina,,0,1895,0,"['Ads - FB', 'chat', 'website', 'Hot Lead', 'JUN23_IMP', 'JUN23']",[]
67032,Candid Public School-Irshad Rather,TRUE,"Address: Awaneera, Road, Frisal, Jammu and Kashmir 192232",70063 48893,919596000000,JAMMU And KASHMIR,########,########,########,Busy on another call,,"Hot Lead,JUN23_IMP,JUN23",rohit,########,sakina,,0,1833,0,"['Hot Lead', 'JUN23_IMP', 'JUN23']",[]
67035,SB International School-Gaurav Sharma,TRUE,"9HWW+6V2, Bagpur, Uttar Pradesh 203202","94116 93973, 9412242818",919412000000,uttar pradesh,########,########,,,No Response,"Ads - FB,Hot Lead",sakina,########,sakina,,0,,0,"['Ads - FB', 'Hot Lead']",['No Response']
67039,Kidz Kingdom Pre-school And Activity Centre-Mala Lohani,TRUE,"Shop No. G 5, 107/102, Durvas Apartment, Link Road, Nalasopara East, Palghar - 401209 (Opp Dmart)",96193 02266,919619000000,MAHARASHTRA,########,########,########,No response,,"Hot Lead,JUN23_IMP,JUN23",rohit,########,sakina,,0,1831,0,"['Hot Lead', 'JUN23_IMP', 'JUN23']",[]
67091,Amar Bhartiya Mahavidyalaya-Chouhan,TRUE,"68Q2+8J8, dhaneli, badagaon road, Morar, Gwalior, Madhya Pradesh 474006",94257 74121,919426000000,MADHYA PRADESH,########,########,,keeps on disconnecting the call. Marking it not interested.,Not Interested,"Ads - SMS,Hot Lead,JUN23_IMP,JUN23",sakina,########,sakina,,67091,,0,"['Ads - SMS', 'Hot Lead', 'JUN23_IMP', 'JUN23']",['Not Interested']
67093,"West Point School Sandhwan,Danewala Road-Himmat",TRUE,"Moga Rd, Kot Kapura, Punjab 151204",98159 44566,919816000000,PUNJAB,########,########,,talked to Himmat sir he said and asked whether he is interested in the software. With his voice it doesn't look so,Not Interested,"Hot Lead,JUN23_IMP,JUN23",sakina,########,sakina,,0,,0,"['Hot Lead', 'JUN23_IMP', 'JUN23']",['Not Interested']
67095,Vishwa Bharathi Arts and Science College-Sridharan,TRUE,"Vishwa Bharathi arts and science college and vishwa Bharathi college of education,Krishnagiri main road, morappur-post, harur taluk, dharmapuri District-635305",88259 86983,918826000000,TAMILNADU,########,3/1/2021,########,"called on this no.-8825986983 regarding parcel ,but not received the call.",e-Live,"Ads - SMS,Hot Lead,ESCH23",aayushi,########,iqbal,aayushi,67095,1554,857,"['Ads - SMS', 'Hot Lead', 'ESCH23']",['e-Live']
67127,St. Joseph International School-Anil Maan,TRUE,"12 KM Stone, Hisar-Sirsa Road, Hisar, 125047 (Haryana) ",9813100018,919813100018 Anil Maan,HARYANA,########,########,,,Not Interested,"Hot Lead,JUN23_IMP,JUN23",sakina,########,sakina,,0,,0,"['Hot Lead', 'JUN23_IMP', 'JUN23']",['Not Interested']
67151,SSM english school,TRUE,"8XWC+677, Central Jail Rd, Bheem Nagar, Varanasi, Uttar Pradesh 221102",79833 02155,917983000000,uttar pradesh,########,########,,called him he said we do not have software requirement now will call you back if required.,"Call Later,Email Request,Not Interested","ads-diwali,Hot Lead,JUN23_IMP,JUN23",ankita,########,ankita,,0,,0,"['ads-diwali', 'Hot Lead', 'JUN23_IMP', 'JUN23']","['Call Later', 'Email Request', 'Not Interested']"
67156,Yardland school,TRUE,"UP, MP BORDER CHITRA ROAD, near ASHRAMSHALA, Kashavgarh, Chitrakoot, Madhya Pradesh 210204",87001 30160,918700000000,MADHYA PRADESH,########,########,2/1/2024,he said we already using online software and he cuts the call,,"ads-diwali,Hot Lead,JUN23_IMP,JUN23",megha,########,,,0,1918,0,"['ads-diwali', 'Hot Lead', 'JUN23_IMP', 'JUN23']",[]
67166,Montesseri Academy,TRUE,"Kumarganj- Patiram Rd, near Post Office, Patiram, West Bengal 733133",99031 77915,919903000000,WEST BENGAL,########,########,,Not Interested > She said Montessori Academy is closed no school is there,Not Interested,"ads-diwali,Hot Lead,JUN23_IMP,JUN23",sheetal,########,,,0,,0,"['ads-diwali', 'Hot Lead', 'JUN23_IMP', 'JUN23']",['Not Interested']
67167,gomtesh eng medium school,TRUE,"Address: Gomatesh Nagar, Nipani Murgud Rd, Niapni, Karnataka 591237, 95958 91000, 8669126850",97670 86499,919767000000,MADHYA PRADESH,########,########,########,Talked with uday sir he said currently he is using other software but he said will check details and revert you on Monday.,"e-Demo,Updated","ads-diwali,Hot Lead,JUN23_IMP,JUN23",shradha,########,iqbal,,0,479,0,"['ads-diwali', 'Hot Lead', 'JUN23_IMP', 'JUN23']","['e-Demo', 'Updated']"
67169,Tiny Tots Play School-Ruby,TRUE,"32, New Bank Colony Jambudeep, Do Batti Road, Do Batti, Ratlam - 457001",9926430777,918280000000,eSchool,########,########,########,talk to mam she says she is not associated with any school,,"ads-diwali,Hot Lead,JUN23_IMP,JUN23",rohit,########,sakina,,0,1854,0,"['ads-diwali', 'Hot Lead', 'JUN23_IMP', 'JUN23']",[]
67170,Ignited Minds International School-Vijay,TRUE,Address Ignited Minds. 402. Orchid Business Centre. Marol Military Road Andheri East Mumbai 400059 Phone: +91 9456168694 Mobile: +91 7021854115,91 7021854115,917304000000,MAHARASHTRA,########,########,,he said we have already and hang-up my call.,Not Interested,"ads-diwali,Hot Lead,JUN23_IMP,JUN23",sakina,########,sakina,,0,,0,"['ads-diwali', 'Hot Lead', 'JUN23_IMP', 'JUN23']",['Not Interested']
67175,Little World International Play School,TRUE,"Address: No.259, Agara Bus Stop, Outer Ring Rd, beside Agara Flyover, Agara Village, 1st Sector, HSR Layout, Bengaluru, Karnataka 560102, Phone: 098800 71870",98800 71870,919986000000,KARNATAKA,########,########,########,No response,,"ads-diwali,demo-request,Hot Lead,website",rohit,########,sakina,murteza,67175,1824,745,"['ads-diwali', 'demo-request', 'Hot Lead', 'website']",[]
67176,MRUN balika school,TRUE,"Address: H9XG+Q4M, Govindpur Goriyon Rd, Govindpur Goriyon, Uttar Pradesh 212217",7388428907,917388000000,uttar pradesh,########,########,,Not getting any response from customer's end. So marking him not interested. If any call recvd from customer's end then take it in followup,"Not Interested,No Response","ads-diwali,Credentials-ERP,Hot Lead,JUN23_IMP,JUN23",shivika,########,shivika,,0,,0,"['ads-diwali', 'Credentials-ERP', 'Hot Lead', 'JUN23_IMP', 'JUN23']","['Not Interested', 'No Response']"
67177,kids planet school,TRUE,"Kids Planet Convent School, Jhattra Road, Zira, Jhattra Road, Ferozepur, Firozepur, Punjab, 142047",7009264087,917009000000,eSchool,########,########,,Switched off.,"e-Demo,Not Interested","ads-diwali,Hot Lead,Using other Software,JUN23_IMP,JUN23",iqbal,########,,,0,,0,"['ads-diwali', 'Hot Lead', 'Using other Software', 'JUN23_IMP', 'JUN23']","['e-Demo', 'Not Interested']"
67179,Medhaam Preschool & Daycare,TRUE,"Medhaam Preschool & Daycare C Block, South City 1 Gurugram, Haryana 122 007 (near Rakshak apartments)",9654133900,919654000000,DELHI,########,########,,called him he said he is not interested and disconnect the call.,"e-Demo,Not Interested","ads-diwali,demo-request,Hot Lead,JUN23_IMP,JUN23",ankita,########,ankita,,0,,0,"['ads-diwali', 'demo-request', 'Hot Lead', 'JUN23_IMP', 'JUN23']","['e-Demo', 'Not Interested']"
67180,Anshul Vidya Mandir,TRUE,"Address: G8VM+2MQ, Chandrashekhar Azad Nagar, Kaliyawav, Madhya Pradesh 457882",8815091698,918815000000,MADHYA PRADESH,########,########,,"Tried calling since 9th on daily basis, but not able to connect through, hence marked as hot lead so that He will recv the message for last date of offers and will respond if needed",Important,"ads-diwali,Hot Lead,JUN23_IMP,JUN23",vishal,########,vishal,,0,,0,"['ads-diwali', 'Hot Lead', 'JUN23_IMP', 'JUN23']",['Important']
67187,mansarowar public high school,TRUE,"M P Nagar, Satai Road, Green Avenue Colony, Chhatarpur - 471001 (Gali No 02)",9425882545,919426000000,MADHYA PRADESH,########,########,8/5/2023,he disconnected the call,,"ads-diwali,Hot Lead,JUN23_IMP,JUN23",megha,########,shivika,,0,1737,0,"['ads-diwali', 'Hot Lead', 'JUN23_IMP', 'JUN23']",[]
67193,Hillside college of pharmacy @ research centre,TRUE,"Address: 9, Kanakapura Rd, Raghuvanahalli, Bangalore City Municipal Corporation Layout, Bengaluru, Karnataka 560062","9243788829, 9916990103",919244000000,KARNATAKA,########,########,4/1/2021,Not dialing a valid number,"e-Demo,No Response","Ads - SMS,Hot Lead,website,JUN23_IMP,JUN23",shivika,########,shivika,,0,880,0,"['Ads - SMS', 'Hot Lead', 'website', 'JUN23_IMP', 'JUN23']","['e-Demo', 'No Response']"
67204,KHARAGPUR PVT. INDUSTRIAL TRAINING INSTITUTE-Suman Aacharya,TRUE,"Walipur Bus Stand (NH-6), Kharagpur - 1, Walipur, Kharagpur, West Bengal 721301",98000 98555,919800000000,uttar pradesh,########,########,,"Called him by another number, said we are already using software. we did not require","e-Demo,Not Interested","Ads - SMS,Hot Lead,website,JUN23_IMP,JUN23",shivika,########,shivika,,0,,58,"['Ads - SMS', 'Hot Lead', 'website', 'JUN23_IMP', 'JUN23']","['e-Demo', 'Not Interested']"
67208,Ganga Sheel Group of Medical College,TRUE,"Kamua, Bisalpur Road Bareilly (U.P)","75003 33360
+91-9690054444",919520000000,uttar pradesh,########,########,,he said there is no need as of now.,Not Interested,"ads-diwali,Hot Lead,JUN23_IMP,JUN23",sakina,########,sakina,,0,,0,"['ads-diwali', 'Hot Lead', 'JUN23_IMP', 'JUN23']",['Not Interested']
67210,DPS,TRUE,"City Office Maripur, Muzaffarpur, Bihar - 842001 +91-99733 63590 +91-9117309999 +91-9117109999 info@dpsmuzaffarpur.com Main Campus NH-77, Turki, Muzaffarpur, Bihar - 844127",99733 63590,919136000000,BIHAR,########,########,########,NNo response and the cycle begins,Updated,"ads-diwali,Hot Lead,Ads - FB",agoenka,########,agoenka,,0,529,0,"['ads-diwali', 'Hot Lead', 'Ads - FB']",['Updated']
67227,Sunrise International School-Sudhakar Reddy Madireddy,TRUE,"M545+Q6X, Deendar Palli, Bhakarapeta, Andhra Pradesh 517194",9160020473,919160000000,ANDHRA PRADESH,########,########,,he said its wrong no,"Not Interested,Important","Ads - FB,Hot Lead,Next Session",shivangi,########,shivika,,0,,0,"['Ads - FB', 'Hot Lead', 'Next Session']","['Not Interested', 'Important']"
67228,Global Oriental Public School-Shamshad Ahmad,TRUE,"Address: HWH7+XHJ, Bhelipatti, Uttar Pradesh 274404",9415275810,919415000000,uttar pradesh,########,########,,talked to Shamshad sir had a very long discussion with him he said he had purchased the software from another company name management software. Marking him not interested.,Not Interested,"Hot Lead,Ads - FB",sakina,########,sakina,,0,,0,"['Hot Lead', 'Ads - FB']",['Not Interested']
67413,Labbaik Scholars school,TRUE,"Labbaik scholars school, 80B Dr. Sundari mohan,Avenue,Kolkata 700014,1st floor,Above bandan bank.
",98303 82885,919934000000,WEST BENGAL,########,########,,"Whatsapp received that Now I joined another school Al Burooj International School Patna, Bihar. This School's chairman want to take demo. So, Need to contact with another school, i have make the new CRM entry for that. So this lead is closed now. And now in a followup with director of same school",,"Ads - FB,Hot Lead,Next Session,JUN23_IMP,JUN23",shivika,########,shivika,,0,,0,"['Ads - FB', 'Hot Lead', 'Next Session', 'JUN23_IMP', 'JUN23']",[]
67513,WAVE INTERNATIONAL SCHOOL-Krishna Kumar,TRUE,"Siyantand, Baramasia, Jharkhand 815312",78702 32601,919709000000,JHARKHAND,########,########,,"Said we have already purchased, in future if we require will call you",Not Interested,"Hot Lead,Next Session,JUN23_IMP,JUN23",shivika,########,shivika,,0,,0,"['Hot Lead', 'Next Session', 'JUN23_IMP', 'JUN23']",['Not Interested']
67680,K N Patel School-Payal Siddhapura,TRUE,"4G3W+43V, Shayona Green, KNPIS Shankus Green Memories Party Plot Lane, Besides, Gota, Ahmedabad, Gujarat 382481",81810 00888,919375000000,GUJARAT,########,########,,called to madam she said that that required on site support send somebody their for the demo other wise their are not interested in online solution,,"Hot Lead,JUN23_IMP,JUN23",ankita,########,ankita,,0,,0,"['Hot Lead', 'JUN23_IMP', 'JUN23']",[]
67682,vardhman higher secondary schoolMohit Gandhi,TRUE,"Police Station, CM - 8 & 9, near Hira Nagar, Sector CH, Sukhlia, Indore, Madhya Pradesh 452010",80853 98777,918085000000,eSchool,########,########,########,No response,e-Demo,"Ads - FB,Hot Lead",iqbal,########,iqbal,,0,1264,0,"['Ads - FB', 'Hot Lead']",['e-Demo']
67708,Gurukulam-Sivanesan Kandaiah,TRUE,"Alangirankadu Road, Aranthangi, Pudukkottai, Tamil Nadu, 614624, India","9600680849, 9080679861",919601000000,eSchool,########,########,,"Said I am already using software from the local vendor, If I need will call you.","e-Demo,Not Interested","Hot Lead,JUN23_IMP,JUN23",shivika,########,shivika,,0,,0,"['Hot Lead', 'JUN23_IMP', 'JUN23']","['e-Demo', 'Not Interested']"
67910,Praveen Vidyapeeth-Deepak Jadon,TRUE,"Address: NH2, Sirsaganj, Jugmudi, Uttar Pradesh 283151","9528385650, 7300787344",919528000000,eSchool,########,########,,called to sir he said i had finalized another software because he is providing physical presence to us.,Not Interested,"Hot Lead,JUN23_IMP,JUN23",ankita,########,ankita,,0,,0,"['Hot Lead', 'JUN23_IMP', 'JUN23']",['Not Interested']
67995,Kidzee Pre School-Geeta Ahuja,TRUE,"Address: New Mondha, Parbhani, Maharashtra 431401",9028193935,919028000000,eSchool,2/5/2019,2/5/2019,,she said she is having software from another company My school campus.,Not Interested,"Ads - FB,Hot Lead",sakina,########,sakina,,0,,0,"['Ads - FB', 'Hot Lead']",['Not Interested']
68022,sunshine public school,TRUE,"Sunshine Public School, Jind Road, Kaithal, Kaithal, India, Haryana",89303 28877,919467000000,HARYANA,2/7/2019,2/7/2019,,talked to Sahil sir he said as of now school is closed and we aren't interetsed in anything.,Not Interested,"Hot Lead,JUN23_IMP,JUN23",sakina,########,sakina,,0,,0,"['Hot Lead', 'JUN23_IMP', 'JUN23']",['Not Interested']
68053,The Mount School,TRUE,"Chakmusa Road, Patna Aurangabad Road, Phulwarisharif, Patna - 801505 (Near Nakti Bhawani)",9334110068,919334000000,BIHAR,########,5/1/2020,1/2/2024,he says his query his resolved by the company so will call him in janurary,,"Credentials-ERP,Hot Lead,ESCH23",rohit,########,iqbal,kripal,68053,1784,443,"['Credentials-ERP', 'Hot Lead', 'ESCH23']",[]
68081,om Gyan Kendra -Hemendra Agrawal,TRUE,"Address: Om Gyan Kendra, Shivpuri Block B, Saloda Road, Gangapur, Rajasthan 322201",9982777518,919983000000,eSchool,########,########,,Not intrested,,"Hot Lead,JUN23_IMP,JUN23",rohit,########,hussain,,0,,0,"['Hot Lead', 'JUN23_IMP', 'JUN23']",[]
68085,"AHA Public School, Chapra-Gulam Jilani",TRUE,"Address: Jalalpur, Chapra, NH-85, Saran, Bihar 841301",94706 57206,919032000000,BIHAR,########,########,,Call back received said we do not require the software using already,Not Interested,"Credentials-ERP,Hot Lead,JUN23_IMP,JUN23",shivika,########,shivika,,0,,0,"['Credentials-ERP', 'Hot Lead', 'JUN23_IMP', 'JUN23']",['Not Interested']
68148,dream valley school-Khader Mohd,TRUE,"Address: Dewdi,Karam ali khan Tappa Chabutra, Karwan Rd, Hyderabad, Telangana 500006",9491194876,919491000000,TELANGANA,########,########,,Not getting any response from customer's end. So marking him not interested. If any call recvd from customer's end then take it in followup,Not Interested,"Ads - FB,Hot Lead",shivika,########,shivika,,0,,0,"['Ads - FB', 'Hot Lead']",['Not Interested']
68185,"St Joseph World School, Karhal-Navneet Yadav",TRUE,"Address: Saifai Bypass Karhal (Near Police Station, Uttar Pradesh 205264",9818950388,919819000000,uttar pradesh,########,########,########,call not answer,No Response,"Hot Lead,JUN23_IMP,JUN23",shivangi,########,shivika,,0,1488,0,"['Hot Lead', 'JUN23_IMP', 'JUN23']",['No Response']
68270,Simna Public School-Imran khan,TRUE,"Chikhli, Rajnandgaon - 491441 (Pond, Raman Bazar)",9300323366,919300000000,MADHYA PRADESH,3/6/2019,3/6/2019,,He said Imraan sir is not interested,"Call Later,Renewal,Not Interested","1800,Ads - FB,Hot Lead",sakina,########,sakina,,0,,0,"['1800', 'Ads - FB', 'Hot Lead']","['Call Later', 'Renewal', 'Not Interested']"
68311,MAXX WORLD SCHOOL,TRUE,"Address: R5X7+373, Bajaura, Himachal Pradesh 175125",9816031100,919816000000,HIMACHAL PRADESH,3/9/2019,3/1/2022,,called regarding the new year kit they will let us know when they will receive the kit.,,"Ads - FB,Hot Lead",muskanjain,########,iqbal,mayank,0,,1088,"['Ads - FB', 'Hot Lead']",[]
68317,Shri Hari Vidyaniketan-rajesh kumar meher,TRUE,"Address: Padarparapara, Tarbha, Odisha 767016",7978929922,917979000000,eSchool,3/9/2019,3/9/2019,4/2/2020,Lead came again on 01/02/2020 10:28:50 with email ID shrihari.vidyaniketan@gmail.com And mobile no. 917978929922,,"Ads - FB,Hot Lead",shantanu,########,agoenka,,0,390,0,"['Ads - FB', 'Hot Lead']",[]
68328,Sardonyx School - Jhajha-M Akhtar Sardonyx,TRUE,"Address: Q9M6+856, Dumar Pokhar Rd, Jhajha, Bihar 811308",8298855384,918299000000,eSchool,3/9/2019,3/9/2019,,Received a message on whatsapp No my management is no interested in it.,"e-Demo,Not Interested","Ads - FB,Hot Lead",shivika,########,shivika,,0,,0,"['Ads - FB', 'Hot Lead']","['e-Demo', 'Not Interested']"
68949,PBS Gurukul-bhagvat sonawane,TRUE,"Address: 74/1 Near Railway Flyover, Kotamgaon Kh, Yeola, Maharashtra 423401",88062 72733,918806000000,MAHARASHTRA,########,########,,"he blocked my number, looks like he is not interested.",Not Interested,"Hot Lead,JUN23_IMP,JUN23",sakina,########,sakina,,0,,0,"['Hot Lead', 'JUN23_IMP', 'JUN23']",['Not Interested']
68365,Empire College Of Science,TRUE,"Address: Moodal, Kuttippuram, Kerala 679571",9946211243,919946000000,KERALA,########,########,,after intro he disconnected the call,,"Ads - SMS,demo-request,Hot Lead,JUN23_IMP,JUN23",megha,########,ankita,,68365,,0,"['Ads - SMS', 'demo-request', 'Hot Lead', 'JUN23_IMP', 'JUN23']",[]
68368,Sri Sai concept school-K.Reddeiah,TRUE,"Address: Kurnool - Ongole Main Rd, Samatha Nagar, Sujatha Nagar, Ongole, Andhra Pradesh 523002",95055 03412,919506000000,ANDHRA PRADESH,########,########,,disconnects the call heard everything in detail and then hangs up on my call. Marking it not interested.,"Updated,Not Interested","Hot Lead,JUN23_IMP,JUN23",sakina,########,hussain,,0,,0,"['Hot Lead', 'JUN23_IMP', 'JUN23']","['Updated', 'Not Interested']"
68638,Oriental Naga Academy-Khathing Luiram,TRUE,"Address: 39W9+2G7, Ukhrul, Manipur 795142",90894 50007,919078000000,eSchool,5/2/2019,5/2/2019,,Not getting any response from customer's end. So marking him not interested. If any call recvd from customer's end then take it in followup,"e-Demo,No Response,Not Interested","Hot Lead,Next Session,JUN23_IMP,JUN23",shivika,########,shivika,,0,,0,"['Hot Lead', 'Next Session', 'JUN23_IMP', 'JUN23']","['e-Demo', 'No Response', 'Not Interested']"
68672,SKS Doon World School-Vishnu Varshney,TRUE,"Address: 53M8+4RG, SH 43, Jakhaulia, Gotha, Uttar Pradesh 202526",81267 40185,918127000000,uttar pradesh,########,########,,approached the previous year lead he said schools have not yet opened we are not interested in school software as of now.,Not Interested,"Hot Lead,JUN23_IMP,JUN23",sakina,########,sakina,,0,,0,"['Hot Lead', 'JUN23_IMP', 'JUN23']",['Not Interested']
68703,Elite Global School-Bhagirath Singh Rawat,TRUE," ROAD, Delanpur, Sailana, Madhya Pradesh 457001","9413752212,  89669 89049",919414000000,eSchool,########,########,########,one laddy received the call and said now Rawat ji is not here asked to call back when he will come back.,Important,"Ads - FB,Hot Lead",iqbal,########,iqbal,,0,1671,0,"['Ads - FB', 'Hot Lead']",['Important']
68728,Shemford futuristic school kupwara- John Mohd,TRUE,"Birpur, adjoining Imperial Resorts, Jammu, Jammu and Kashmir 181133",94693 19107,919150000000,JAMMU And KASHMIR,########,########,8/5/2024,they say we are using software,,"Hot Lead,JUN23_IMP,JUN23",rohit,########,sakina,,0,1913,0,"['Hot Lead', 'JUN23_IMP', 'JUN23']",[]
68757,Vedic Indian School-Naveen Kumar Nandey,TRUE,"Address: Harishankar lane, opposite aditya vision 7004508433, Haji Nagar Colony, Mithanpura, Muzaffarpur, Bihar 842002",7004508433,919974000000,BIHAR,########,########,,he said I am not interested as of now.,Not Interested,"Ads - FB,Hot Lead",sakina,########,sakina,,68757,,0,"['Ads - FB', 'Hot Lead']",['Not Interested']
68821,Golden Spring School-Patan Sak,TRUE," Khan Estate, T.Sakibanda, Andhra Pradesh 516214","77996 12447, 85003 04504",917800000000,ANDHRA PRADESH,########,########,,he is not interested.,Not Interested,"Hot Lead,JUN23_IMP,JUN23",sakina,########,sakina,,0,,0,"['Hot Lead', 'JUN23_IMP', 'JUN23']",['Not Interested']
68842,Satyaketu Vidyalaya-Yudhvir Singh,TRUE," KOTLI MIAN FATEH, R S PURA, Jammu, Jammu and Kashmir 181132",98582 35473,919858000000,eSchool,########,########,,"Call to him, said sorry not now require","e-Demo,Not Interested","Ads - FB,Hot Lead",shivika,########,shivika,,0,,0,"['Ads - FB', 'Hot Lead']","['e-Demo', 'Not Interested']"
68925,Gurukul International Convent School akash yadav,TRUE," Janakpur Near Darauli Railway station, Muhammadpur Phooli Road, Zamania, Uttar Pradesh 232326",85428 48484,918053000000,eSchool,6/8/2019,6/8/2019,,said we have already purchased not interested,Not Interested,"Hot Lead,Next Session,JUN23_IMP,JUN23",shivika,########,shivika,,0,,0,"['Hot Lead', 'Next Session', 'JUN23_IMP', 'JUN23']",['Not Interested']
68935,Elite Minds School,TRUE,"Elite Minds International School Campus, Village Chinniga, Jannapura - Mudigere, karnataka",94484 99512,919900000000,KARNATAKA,6/9/2019,6/9/2019,,he said he is not interested,Not Interested,"Ads - FB,Hot Lead",sakina,########,sakina,,0,,0,"['Ads - FB', 'Hot Lead']",['Not Interested']
68972,Tunga Pre-Primary School-Selvam R S Subramani,TRUE,"Tunga Pre and Primary School, Hospet - 583225 (Behind Anjenaya Temple)",94496 22566,919450000000,KARNATAKA,########,########,,called he said we have our own software,Not Interested,"Ads - FB,Hot Lead",shivangi,########,sakina,,0,,0,"['Ads - FB', 'Hot Lead']",['Not Interested']
69258,Royal Public School-Rakesh Meena,TRUE,"Jamoli Pin Code 311201 School Area Rural Cluster Gups Rampura, Jamoli Block Jahajpur District Bhilwara State Rajasthan",96605 77252,919661000000,eSchool,7/6/2019,7/6/2019,,he said not intrested,"e-Demo,Updated,Not Interested","Ads - FB,Hot Lead",shradha,########,hussain,,0,,0,"['Ads - FB', 'Hot Lead']","['e-Demo', 'Updated', 'Not Interested']"
69043,SHEILING HOUSE,TRUE,"Address: Zoe Ville, 10/498, Allenganj, Kanpur, Uttar Pradesh 208001",9129976192,91915100000000,eSchool,########,########,,"Call disconnecting automatically, not getting any response, marking him not interested","No Response,Not Interested","1800,Hot Lead,JUN23_IMP,JUN23",shivika,########,shivika,,0,,0,"['1800', 'Hot Lead', 'JUN23_IMP', 'JUN23']","['No Response', 'Not Interested']"
69575,Village Montessori School - DrShiv Mohan,TRUE,"Mishrana, Khaprel Bazar, Lakhimpur, Kapoorthala Road, Kheri, Lakhimpur Kheri - 262701",99999 49717,920000000000,eSchool,########,########,,Said currently we are not interested in purchasing software. Whenever we need we will call you,,"Ads - FB,Hot Lead,Next Session,JUN23_IMP,JUN23",shivika,########,shivika,,0,,0,"['Ads - FB', 'Hot Lead', 'Next Session', 'JUN23_IMP', 'JUN23']",[]
69334,Pratibha Academy,TRUE,"Address: Pratibha Academy, opp. Nutan Club, Nana Bazaar, Vallabh Vidyanagar, Gujarat 388120",9824279555,919824000000,GUJARAT,########,########,8/5/2024,he says i am not intrested please remove my number from your list,,"Ads - FB,Hot Lead,JUN23_IMP,JUN23",rohit,########,sakina,,0,1853,0,"['Ads - FB', 'Hot Lead', 'JUN23_IMP', 'JUN23']",[]
69342,Sri Vasavi English Medium School,TRUE,"P.Anil Kumar, Join Secretary , Sri Vasavi English Medium School - Srirampura - 577542 , Hosdurga tq , Chitradurga Dist - Karnataka State",94494 65627,919165000000,KARNATAKA,########,########,5/1/2024,he says call me in the next session of june,,"Ads - FB,Hot Lead,JUN23_IMP,JUN23",rohit,########,sakina,,0,1756,0,"['Ads - FB', 'Hot Lead', 'JUN23_IMP', 'JUN23']",[]
69421,"St Rameshwar Central School ,Nirbhay Kumar Nirala",TRUE,"Address: Main Road, Bharwara, Bishunathpatti, Bihar 847104",9470404094,9.1947E+21,eSchool,########,########,,Incoming is not available on this number,,"Ads - FB,Hot Lead,JUN23_IMP,JUN23",megha,########,iqbal,,0,,0,"['Ads - FB', 'Hot Lead', 'JUN23_IMP', 'JUN23']",[]
69759,Bengal Public School - Arindam Sinha,TRUE,"Address: SH 7, Sherpur, Khargram, Ramchandrapur, West Bengal 742159",90518 79456,919052000000,eSchool,9/7/2019,9/7/2019,,,Not Interested,"Ads - FB,Hot Lead,Next Session",shivika,########,shivika,,0,,0,"['Ads - FB', 'Hot Lead', 'Next Session']",['Not Interested']
70105,SRPV Bhavapur-Sandeep Singh,TRUE,"School Location Saharah, Mugkalyan Howrah, PIN - 711312"," 98398 77327, 70471 96366",919840000000,eSchool,########,########,,he said I have quit the schoool job so now I don't need it.,Not Interested,"Ads - FB,Farzi,Hot Lead",iqbal,########,iqbal,,0,,0,"['Ads - FB', 'Farzi', 'Hot Lead']",['Not Interested']
70169,DS Public School-Sanad Saxena,TRUE,"OCTORI NO, 08, NAWA PURBA, Firozpur, Punjab 152004"," 919653947266, 96538 33235",9.19654E+21,eSchool,########,########,########,,e-Demo,"Ads - FB,Hot Lead",iqbal,########,iqbal,,0,933,0,"['Ads - FB', 'Hot Lead']",['e-Demo']
70162,LBS College pratapgarh,TRUE,"Address: National Highway 113 Banswara, road, Pratapgarh, Rajasthan 312605",94144 19873,9.17598E+21,RAJASTHAN,########,########,,not getting any proper response from long time so marking not interested,Not Interested,"Hot Lead,JUN23_IMP,JUN23",shivika,########,shivika,,0,,0,"['Hot Lead', 'JUN23_IMP', 'JUN23']",['Not Interested']
70224,Saraswati Gyan Mandir,TRUE,"Diwakari, Umrain Alwar, Rajasthan PIN Code: 301001",97993 22242,919799000000,RAJASTHAN,########,########,,Not Interested,Not Interested,"softwaresuggest,Hot Lead,JUN23_IMP,JUN23",shivangi,########,sakina,,0,,0,"['softwaresuggest', 'Hot Lead', 'JUN23_IMP', 'JUN23']",['Not Interested']
70285,St Xaviers Point School-Vijay Dubey,TRUE,"37, Suren Sarkar Road, Beliaghata, Kolkata - 700010 (Near Milan Mandir, CIT More)",87776 73631,918778000000,WEST BENGAL,########,########,,He said for a now we are not interested.,Not Interested,"Ads - FB,Hot Lead",sakina,########,sakina,,0,,0,"['Ads - FB', 'Hot Lead']",['Not Interested']
70318,Vivekanand mission jivkorba English School- Kalyan Roy,TRUE,"Gj Sh 143, Mamlatdar Kacheri, Talod, Sabarkantha - 383215",88663 94483,918866000000,GUJARAT,########,########,,keeps on disconnecting the call.,Not Interested,"chat,Hot Lead,JUN23_IMP,JUN23",sakina,########,sakina,,0,,0,"['chat', 'Hot Lead', 'JUN23_IMP', 'JUN23']",['Not Interested']
74129,Green mount English school -Javed Jamal,TRUE,"Green Mount School,'F’-Sector, Itanagar-791113 Arunachal Pradesh (India)","94027 82454, 620493 9994 ",916205000000,eSchool,1/7/2020,1/7/2020,6/1/2021,asked to call once the schools reopen,"e-Demo,No Response","chat,Hot Lead,JUN23_IMP,JUN23",shivika,########,shivika,,0,511,0,"['chat', 'Hot Lead', 'JUN23_IMP', 'JUN23']","['e-Demo', 'No Response']"
74832,Madam Curie High School-Vaishnv Garasiya,TRUE," F7HF+476, Kukdeshwar, Madhya Pradesh 458116",89650 07827,918965000000,MADHYA PRADESH,########,########,,"called at the time of scheduled demo but he disconnects the call and he drops me a message on whatsapp stating this ""Sorry mem I am not interested your shoftwar Your software is very costly""",Not Interested,"Ads - FB,Hot Lead",sakina,########,sakina,,0,,0,"['Ads - FB', 'Hot Lead']",['Not Interested']
76602,Day Light Public School-,TRUE," HRH7+WPR, Virat Nagar Main Rd, Umri, Virat Nagar, Satna, Madhya Pradesh 485001","   9098119493 , 94247 33944",919098000000,MADHYA PRADESH,########,########,,,Not Interested,"Ads - FB,Hot Lead",sakina,########,sakina,,0,,0,"['Ads - FB', 'Hot Lead']",['Not Interested']
75364,Maa Saraswati Gyaan Mandir Inter college -,TRUE,"Address Jawapur, Kishani, Mainpuri, 206303, Uttar Pradesh, India",73980 00063,919759000000,eSchool,########,########,7/1/2021,"call to him, asked for revert said currently we are not interested, call in July",,"Ads - FB,Hot Lead,JUN23_IMP,JUN23",shivika,########,shivika,,0,503,0,"['Ads - FB', 'Hot Lead', 'JUN23_IMP', 'JUN23']",[]
75507,"Times Gurukul, Jagatsinghpur",TRUE,"Taradapada, Jagatsinghpur, Jagatsinghpur, Orissa, PIN Code: 754103 (INDIA)",785-502-9944,919437000000,ODISHA,########,########,########,No response,e-Demo,"Ads - FB,Hot Lead",iqbal,########,iqbal,sonali,0,1386,793,"['Ads - FB', 'Hot Lead']",['e-Demo']
68352,Alfa Advanced School,FALSE,"Jodhpur Bilara Padasla Kallan, Gps Np Pipad Shahar_Ward No. 9 Rajasthan India 342601",,918769000000,RAJASTHAN,########,########,,said I am not interested,"Final Call,e-Demo,Not Interested","Ads - SMS,Hot Lead,JUN23_IMP,JUN23",shivika,########,shivika,,0,,0,"['Ads - SMS', 'Hot Lead', 'JUN23_IMP', 'JUN23']","['Final Call', 'e-Demo', 'Not Interested']"
80808,ram lakhan patel vidhyalaya-vikash prajapati,TRUE,"Pilkhawan, Post, Barwa, Sohawal, Faizabad, Pincode-224182, Uttar Pradesh, India",9651247244,919651000000,uttar pradesh,7/9/2020,7/9/2020,,he cuts the call after hearing the name of eschoolapp,,"Ads - FB,Hot Lead,JUN23_IMP,JUN23",megha,########,iqbal,,0,,0,"['Ads - FB', 'Hot Lead', 'JUN23_IMP', 'JUN23']",[]
82255,Silicon Acadmey,TRUE,"Address: 76, Gali Number 3, Ward 7, Sanwer Road Industrial Area, Indore, Madhya Pradesh 452015",8269091343,8269091343,,,,,,,,,,,,,,,,
9072,Venkateswar English Medium School,TRUE,"Venkateswar English Medium School
35, Chandrasekharpur
Near Infocity Road and CTTC
Bhubaneswar, Odisha-751024","7381267777 , 7381268888",920000000000,,,,,,,,,,,,,,,,
82360,The Legacy world school,TRUE,"225, Airport Rd, Dwarkadhish Colony, Panchsheel Nagar, Indore, Madhya Pradesh 452005",919893079247,919893079247,,,,,,,,,,,,,,,,
10450,impulse english school,TRUE,"NH-11, Agra Side Bypass Tiraha, Agra Road, Dausa Rajasthan, 303303",94622 32526,9110000000000,,,,,,,,,,,,,,,,
82556,EDUVERTS COMMUNICATION PRIVATE LIMITED,TRUE,"Eduvest Connect Pvt Ltd, 3rd Floor, B-1, HIG Main Rd, Nanda Nagar, Indore, Madhya Pradesh 452001","8959881603, 9302 64 9284",919000000000,,,,,,,,,,,,,,,,
82099,S. Tech international School,TRUE,"Address: NH service road, suras chauraha NH, via, near palana temple, Pansal, Rajasthan 311802",918949084654,918949084654,,,,,,,,,,,,,,,,
82449,Gyan carnival school,TRUE,"Address: 13, Main Road, Clerk Colony, Indore, Madhya Pradesh 452011",919926043336,919926043336,,,,,,,,,,,,,,,,
82324,Shree Swami Ramanand Vidya Sankul,TRUE,"Address - SHREE SWAMI RAMANAND VIDYA SANKUL RAMTEKRI TAPOVAN VILL.- SOPRA,CHACHODA, Sopra, Madhya Pradesh 473115, + 91 963 005 8064, +91 963 005 8438",917024574702,917024574702,,,,,,,,,,,,,,,,
1666,Rungta International School-Mrs.Nandini Dasgupta,TRUE,"Address: RIS Building, behind Nandan Van, Veer Savarkar Nagar, Raipur, Chhattisgarh 492099",77166 66666,"910771 6888888,",,,,,,,,,,,,,,,,
68061,Mount Valley International School-Ramniwas Dhakar,TRUE,"Mount Valley International School Sarlai, Peeo Sukhwara, Bhadesar Chittaurgarh Sarlai1 (pincode: 312613) Rajasthan.",99290 99205,919929687831,,,,,,,,,,,,,,,,
82209,Sans Public School,TRUE,"Address: 3rd Cross Rd, Kanthirava Layout, Kanteerava Nagar, Nandini Layout, Bengaluru, Karnataka 560096",80 2955 8405,917760028426,,,,,,,,,,,,,,,,
82054,K.H. Memorial School,FALSE,"`K H Knowledge City, Jawahar Nagar, Bhilai, Chhattisgarh 490023",99813 92164,919981392164,,,,,,,,,,,,,,,,
69562,Devnandan Inter Collage,FALSE,,919984551100,919984551100,,,,,,,,,,,,,,,,
82529,Jubilant group of education,TRUE,"Address: Ayesha Masjid, 72-73 Geeta Nagar Bhind, Indore, Madhya Pradesh 452006",97540 01473,918718934099,,,,,,,,,,,,,,,,
65964,"T R Public School, Uttar Pradesh - Ajay Dubey",TRUE,"Amee Alapur, Pura, Faizabad, Ayodhya Uttar Pradesh PIN Code: 224172",99190 92966,919919092966,,,,,,,,,,,,,,,,
82501,Shikshalay Day Scholar School,TRUE,"Address: 19, shree krishna enclave, Ujjain - Indore Rd, Ringnodiya, Madhya Pradesh 453555",62321 01322,916232101321,,,,,,,,,,,,,,,,
67039,Kidz Kingdom Pre-school And Activity Centre-Mala Lohani,TRUE,"DURAVAS COMPLEX, YASHWANT VIVA TOWNSHIP OPP. DMART BEHIND FIRE BRIGADE, Vasai East, Maharashtra 401209",9619302266,,,,,,,,,,,,,,,,,
82528,Little harvard international school,TRUE,"Address: 102, Airport Rd, Shakti Nagar, Ambikapuri Extension, Sadhna Nagar, Indore, Madhya Pradesh 452006",919340603033,,,,,,,,,,,,,,,,,
66561,Knowledge Rain Public School-Sanjay Yadav,TRUE,"Address: MP64+XHH, Oswada, Madhya Pradesh 451770 MADHYA PRADESH",918770677409,,,,,,,,,,,,,,,,,
82411,Silicon Academy,TRUE,Indore Urban Hss Vijay Nagar Ward No.22 Madhya Pradesh India 452001 (Map),918269091313,,,,,,,,,,,,,,,,,
82472,Parakh Public H. S. School,TRUE,"Address: Biloda Nayta Rd, Sanwer, Madhya Pradesh 453771",919826066807,,,,,,,,,,,,,,,,,
82478,RAJORIA INTERNATIONAL,TRUE,"Address: 100, Veena Nagar Main Rd, Khati Pura Rd, DDU Nagar, Sukhlia, Indore, Madhya Pradesh 452003",917489276224,,,,,,,,,,,,,,,,,
82541,Ideal Public School,TRUE,"Address - Dwarkapuri Colony, Indore, India, 452009, Phone - 098260 45456",919827234650,,,,,,,,,,,,,,,,,
82536,Elite Public School,TRUE,"C27 Suvidhi Nagar, Rukmani Nagar, Smriti Nagar, Indore - 452006 (Near Smruti Nagar)",919425479184,,,,,,,,,,,,,,,,,
82322,Bhandari public school,TRUE," Near B.T College, Pdela Hanuman Mandir Marg, Khandwa, Madhya Pradesh 450001",919425087900,,,,,,,,,,,,,,,,,
82538,Sanjivani Global Academy,TRUE,Indore Bhopal Highway Bhourasa Sonkatch 455115,919981104970,,,,,,,,,,,,,,,,,
82534,"Brilliant Brains, The Foundation School",TRUE,"  G 237, G Sector, Silicon City, indore, Indore, India, 452012, Phone - 096854 91919",9977502747,,,,,,,,,,,,,,,,,
69493,SGM UPPER PRIMARY SCHOOL PAGARIYA,TRUE,"Village Pagariya, Pagariya, Pt. Samiti Bhawanimandi Tehsil Pachpahar, District Jhalawar, Rajasthan, Pin Code 326512","700014 5435, 89550 63134",,MADHYA PRADESH,,,,,,,,,,,,,,,